{
 "strengths": {
  "Algeria": 0.17158505119650477,
  "Argentina": 1.1914342614051399,
  "Australia": -0.4792727775172251,
  "Austria": -0.05378481998197302,
  "Belgium": 0.6299142454541066,
  "Brazil": 0.9855745966856643,
  "Cameroon": -0.8301405640638113,
  "Canada": -0.5708808563064609,
  "Colombia": 1.0891148628064908,
  "Croatia": 0.26873712245024034,
  "Czech Republic": -0.43660620901250924,
  "DR Congo": -0.15638680300837307,
  "Denmark": -0.06545145239143818,
  "Ecuador": 0.19270009550640432,
  "Egypt": -0.0005953154767070542,
  "England": 0.7459236093491921,
  "France": 1.283010672553669,
  "Germany": 0.5343991420440278,
  "Greece": -0.31000706835263114,
  "Hungary": -0.4012269115678641,
  "Iran": -0.19398387112918794,
  "Italy": 0.7591975217185084,
  "Ivory Coast": -0.021394630069260047,
  "Japan": 0.2809160546813432,
  "Mexico": -0.664551291064673,
  "Morocco": 0.05876285189984293,
  "Netherlands": 0.3869667052441325,
  "Nigeria": -0.34561170795164353,
  "Norway": -0.8688029767600125,
  "Panama": -1.4865041656848292,
  "Paraguay": 0.1366382491244635,
  "Poland": -0.271829664135485,
  "Portugal": 0.7673368076903606,
  "Russia": -0.5117056074707055,
  "Scotland": -0.7565724715612754,
  "Senegal": 0.08145480347755586,
  "Serbia": -0.32490225009564944,
  "Slovakia": -0.7073356850096829,
  "South Korea": 0.29622271498066005,
  "Spain": 1.3681594672427493,
  "Sweden": -0.1337418834055881,
  "Switzerland": 0.49603098778011273,
  "Tunisia": 0.15308733919286174,
  "Turkey": -0.23099917010610477,
  "Ukraine": -0.40032134504308914,
  "United States": -0.4832866478159032,
  "Uruguay": 0.4737299158347759,
  "Uzbekistan": -0.900009694320876,
  "Venezuela": -0.08936297474119609,
  "Wales": -0.6556282642746507
 },
 "home_adv": -0.2590350166814675,
 "default_strength": 0.0
}